Filhotes,Fragmentos
4,62.862322
2,104.378
1,46.567626
1,108.287586
4,88.521834
4,104.604357
2,56.694456
0,101.868782
5,76.355289
4,145.098675
1,87.310225
1,67.740182
2,80.846895
3,13.746359
3,6.809151
3,37.902077
3,61.115412
3,81.576794
1,79.068384
1,118.313516
2,104.397975
2,88.819833
1,109.636869
2,84.689626
3,142.81906
8,60.368002
5,73.424716
2,141.310075
2,51.761124
8,88.402985
0,95.102564
2,69.919786
3,102.393295
2,90.161974
2,40.880666
